256,257,hayje,\N,Boy,Lunger,Dutch
257,258,neve,\N,Patrick,Nève,Belgian
258,259,purley,\N,David,Purley,British
259,260,andersson,\N,Conny,Andersson,Swedish
260,261,dryver,\N,Bernard,de_Dryver,Belgian
261,262,oliver,\N,Jackie,Oliver,British
262,263,kozarowitzky,\N,Mikko,Kozarowitzky,Finnish
263,264,sutcliffe,\N,Andy,Sutcliffe,British
264,265,edwards,\N,Guy,Edwards,British
265,266,mcguire,\N,Brian,McGuire,Australian
266,267,schuppan,\N,Vern,Schuppan,Australian
267,268,heyer,\N,Hans,Heyer,German
268,269,pilette,\N,Teddy,Pilette,Belgian
269,270,ashley,\N,Ian,Ashley,British
270,271,kessel,\N,Loris,Kessel,Swiss
271,272,takahashi,\N,Kunimitsu,Takahashi,Japanese
272,273,hoshino,\N,Kazuyoshi,Hoshino,Japanese
273,274,takahara,\N,Noritake,Takahara,Japanese
274,275,lombardi,\N,Lella,Lombardi,Italian
275,276,evans,\N,Bob,Evans,British
276,277,leclere,\N,Michel,Leclère,French
277,278,amon,\N,Chris,Amon,New_Zealander
278,279,zapico,\N,Emilio,Zapico,Spanish
279,280,pescarolo,\N,Henri,Pescarolo,French
280,281,nelleman,\N,Jac,Nelleman,Danish
281,282,magee,\N,Damien,Magee,British
282,283,wilds,\N,Mike,Wilds,British
283,284,pesenti_rossi,\N,Alessandro,Pesenti-Rossi,Italian
284,285,stuppacher,\N,Otto,Stuppacher,Austrian
285,286,brown,\N,Warwick,Brown,Australian
286,287,hasemi,\N,Masahiro,Hasemi,Japanese
287,288,donohue,\N,Mark,Donohue,American
288,289,hill,\N,Graham,Hill,British
289,290,wilson_fittipaldi,\N,Wilson,Fittipaldi,Brazilian
290,291,tunmer,\N,Guy,Tunmer,South_African
291,292,keizan,\N,Eddie,Keizan,South_African
292,293,charlton,\N,Dave,Charlton,South_African
293,294,brise,\N,Tony,Brise,British
294,295,wunderink,\N,Roelof,Wunderink,Dutch
295,296,migault,\N,François,Migault,French
296,297,palm,\N,Torsten,Palm,Swedish
297,298,lennep,\N,Gijs,van_Lennep,Dutch
298,299,fushida,\N,Hiroshi,Fushida,Japanese
299,300,nicholson,\N,John,Nicholson,New_Zealander
300,301,morgan,\N,Dave,Morgan,British
301,302,crawford,\N,Jim,Crawford,British
302,303,vonlanthen,\N,Jo,Vonlanthen,Swiss
303,304,hulme,\N,Denny,Hulme,New_Zealander
304,305,hailwood,\N,Mike,Hailwood,British
305,306,beltoise,\N,Jean-Pierre,Beltoise,French
306,307,ganley,\N,Howden,Ganley,New_Zealander
307,308,robarts,\N,Richard,Robarts,British
308,309,revson,\N,Peter,Revson,American
309,310,driver,\N,Paddy,Driver,South_African
310,311,belso,\N,Tom,Belsø,Danish
311,312,redman,\N,Brian,Redman,British
312,313,opel,\N,Rikky,von_Opel,Liechtensteiner
313,314,schenken,\N,Tim,Schenken,Australian
314,315,larrousse,\N,Gérard,Larrousse,French
315,316,kinnunen,\N,Leo,Kinnunen,Finnish
316,317,wisell,\N,Reine,Wisell,Swedish
317,318,roos,\N,Bertil,Roos,Swedish
318,319,dolhem,\N,José,Dolhem,French
319,320,gethin,\N,Peter,Gethin,British
